<?xml version="1.0" encoding="UTF-8"?>
<project-private xmlns="http://www.netbeans.org/ns/project-private/1">
    <editor-bookmarks xmlns="http://www.netbeans.org/ns/editor-bookmarks/2" lastBookmarkId="0"/>
    <open-files xmlns="http://www.netbeans.org/ns/projectui-open-files/2">
        <group>
            <file>file:/C:/Users/PC/Documents/NetBeansProjects/SpaceShooterGame/src/spaceshootergame/Meteor.java</file>
            <file>file:/C:/Users/PC/Documents/NetBeansProjects/SpaceShooterGame/src/spaceshootergame/Interactions.java</file>
            <file>file:/C:/Users/PC/Documents/NetBeansProjects/SpaceShooterGame/src/spaceshootergame/ExplosionAnimation.java</file>
            <file>file:/C:/Users/PC/Documents/NetBeansProjects/SpaceShooterGame/src/spaceshootergame/Sounds.java</file>
            <file>file:/C:/Users/PC/Documents/NetBeansProjects/SpaceShooterGame/src/spaceshootergame/UI.java</file>
            <file>file:/C:/Users/PC/Documents/NetBeansProjects/SpaceShooterGame/src/spaceshootergame/Bullet.java</file>
            <file>file:/C:/Users/PC/Documents/NetBeansProjects/SpaceShooterGame/src/spaceshootergame/SpaceShipComponent.java</file>
            <file>file:/C:/Users/PC/Documents/NetBeansProjects/SpaceShooterGame/src/spaceshootergame/Fuel.java</file>
            <file>file:/C:/Users/PC/Documents/NetBeansProjects/SpaceShooterGame/src/spaceshootergame/Ship.java</file>
        </group>
    </open-files>
</project-private>
